tick,price,position,balance,action,mcts_value,nn_value,returns,cum_max,drawdown
60,70531.09,0,1000.0,2,0.6086517,0.73706037,0.0,1000.0,0.0
61,70716.7,2,1004.760579270787,2,0.56933236,0.75193423,0.004760579270786991,1004.760579270787,0.0
62,70968.64,2,1011.9198324695784,0,0.5296212,0.5900032,0.007125332488648439,1011.9198324695784,0.0
63,71117.66,0,1011.4138725533436,0,0.54638547,0.57115275,-0.000500000000000056,1011.9198324695784,-0.0005000000000000255
64,70991.83,0,1011.4138725533436,0,0.54359084,0.55498976,0.0,1011.9198324695784,-0.0005000000000000255
65,70926.88,0,1011.4138725533436,2,0.55684865,0.7336638,0.0,1011.9198324695784,-0.0005000000000000255
66,71248.39,2,1020.0730149471808,2,0.5599027,0.73302734,0.0085614233982938,1020.0730149471808,0.0
67,71345.91,2,1022.8654294962719,2,0.5626736,0.7380518,0.002737465365884262,1022.8654294962719,0.0
68,71501.39,2,1027.323572001654,2,0.5580363,0.74840736,0.004358483899077115,1027.323572001654,0.0
69,71678.97,2,1032.4264691597664,2,0.5380243,0.74388385,0.004967176162589126,1032.4264691597664,0.0
70,71715.24,2,1033.471297455609,2,0.5096937,0.72035563,0.0010120123098866785,1033.471297455609,0.0
71,71581.42,2,1029.614400957026,0,0.54155105,0.5574331,-0.0037319822118704327,1033.471297455609,-0.0037319822118703997
72,71234.28,0,1029.0995937565474,0,0.5724319,0.54793674,-0.000500000000000056,1033.471297455609,-0.004230116220764521
73,70832.99,0,1029.0995937565474,2,0.61145437,0.73559713,0.0,1033.471297455609,-0.004230116220764521
74,71324.01,2,1042.8455129384618,0,0.65933853,0.57686263,0.013357229237393131,1042.8455129384618,0.0
75,70779.0,0,1042.3240901819925,0,0.6795462,0.5872738,-0.000500000000000056,1042.8455129384618,-0.0005000000000000586
76,70810.34,0,1042.3240901819925,0,0.6953109,0.61135864,0.0,1042.8455129384618,-0.0005000000000000586
77,70883.31,0,1042.3240901819925,0,0.7090155,0.6301086,0.0,1042.8455129384618,-0.0005000000000000586
78,71009.5,0,1042.3240901819925,0,0.7216404,0.6481958,0.0,1042.8455129384618,-0.0005000000000000586
79,71035.24,0,1042.3240901819925,2,0.73873293,0.7959127,0.0,1042.8455129384618,-0.0005000000000000586
80,71369.08,2,1051.5951239408214,2,0.7369981,0.8062654,0.008894578803422037,1051.5951239408214,0.0
81,71336.53,2,1050.6359012274481,2,0.7220192,0.82432866,-0.0009121597195873576,1051.5951239408214,-0.0009121597195873316
82,71299.27,2,1049.5383795599453,0,0.7035609,0.7400659,-0.0010446260842796873,1051.5951239408214,-0.001955832938030881
83,71252.11,0,1049.0136103701652,0,0.7060688,0.7444407,-0.000500000000000056,1051.5951239408214,-0.0024548550215619347
84,70893.01,0,1049.0136103701652,2,0.67127866,0.82040447,0.0,1051.5951239408214,-0.0024548550215619347
85,70921.47,2,1049.33093549982,0,0.6620357,0.7442255,0.0003024985820181403,1051.5951239408214,-0.0021530990297067686
86,70772.01,0,1048.8062700320702,0,0.6910769,0.7330497,-0.0004999999999999449,1051.5951239408214,-0.0026520224801918632
87,70016.98,0,1048.8062700320702,0,0.68624115,0.7097112,0.0,1051.5951239408214,-0.0026520224801918632
88,70097.18,0,1048.8062700320702,0,0.675105,0.69774663,0.0,1051.5951239408214,-0.0026520224801918632
89,70087.44,0,1048.8062700320702,0,0.6770778,0.6761455,0.0,1051.5951239408214,-0.0026520224801918632
90,70024.77,0,1048.8062700320702,0,0.6915415,0.6621281,0.0,1051.5951239408214,-0.0026520224801918632
91,69562.41,0,1048.8062700320702,2,0.6904051,0.7650465,0.0,1051.5951239408214,-0.0026520224801918632
92,69517.68,2,1046.9337351142044,2,0.6806586,0.7641591,-0.0017853963800278372,1051.5951239408214,-0.004432683948883834
93,69276.01,2,1039.654652274701,2,0.6743422,0.7939081,-0.006952763671054463,1051.5951239408214,-0.011354628216013251
94,69436.42,2,1044.4693349555132,2,0.65888417,0.82089925,0.004631040384687424,1051.5951239408214,-0.006776171573147381
95,69646.59,2,1050.7921298267809,0,0.63836503,0.73740923,0.006053595505067566,1051.5951239408214,-0.0007635962698565331
96,69479.92,0,1050.2667337618675,0,0.63821816,0.7104826,-0.0004999999999999449,1051.5951239408214,-0.0012632144717215816
97,69082.64,0,1050.2667337618675,0,0.6406978,0.68493676,0.0,1051.5951239408214,-0.0012632144717215816
98,68932.52,0,1050.2667337618675,0,0.66716737,0.6645149,0.0,1051.5951239408214,-0.0012632144717215816
99,68486.86,0,1050.2667337618675,2,0.6813025,0.7748718,0.0,1051.5951239408214,-0.0012632144717215816
100,68497.25,2,1050.0601086527195,2,0.6841726,0.78790563,-0.00019673584100676766,1051.5951239408214,-0.0014597017931668485
101,68534.36,2,1051.1978982904673,2,0.70364636,0.82642657,0.0010835471497032678,1051.5951239408214,-0.0003777362991809424
102,69005.21,2,1065.641938634904,0,0.6992687,0.721623,0.013740552913896309,1065.641938634904,0.0
103,68921.1,0,1065.1091176655864,0,0.69999814,0.70554215,-0.000500000000000056,1065.641938634904,-0.0005000000000000702
104,68892.67,0,1065.1091176655864,2,0.7048089,0.8054399,0.0,1065.641938634904,-0.0005000000000000702
105,68820.31,2,1062.3402508806082,2,0.7059987,0.7982512,-0.0025996085650329404,1065.641938634904,-0.003098308760750528
106,68785.01,2,1061.2504385604927,2,0.7179683,0.81108075,-0.001025859953260877,1065.641938634904,-0.004120990283130858
107,69051.27,2,1069.4664304392793,2,0.7086048,0.7970783,0.007741803046914075,1069.4664304392793,0.0
108,68903.59,2,1064.891893216509,2,0.70666593,0.78382844,-0.004277401414919835,1069.4664304392793,-0.004277401414919829
109,68767.51,2,1060.6857121211872,2,0.70356214,0.77295804,-0.00394986676311071,1069.4664304392793,-0.00821037301234922
110,68578.0,2,1054.8396214512159,2,0.7057491,0.78340536,-0.005511614423729827,1069.4664304392793,-0.013676735025760018
111,68630.77,2,1056.4629959101965,2,0.6886041,0.79638684,0.0015389775146550377,1069.4664304392793,-0.012158805698783564
112,68656.15,2,1057.2443664481111,2,0.67097557,0.7877875,0.0007396099446355109,1069.4664304392793,-0.011428188527757718
113,68540.48,2,1053.6819337784361,0,0.6684245,0.7111004,-0.00336954519005217,1069.4664304392793,-0.014759225920125177
114,67920.5,0,1053.1550928115469,0,0.69039375,0.6931672,-0.000500000000000056,1069.4664304392793,-0.01525184630716516
115,67695.81,0,1053.1550928115469,0,0.7363051,0.6754632,0.0,1069.4664304392793,-0.01525184630716516
116,66502.41,0,1053.1550928115469,0,0.72393566,0.7016851,0.0,1069.4664304392793,-0.01525184630716516
117,66702.78,0,1053.1550928115469,0,0.7255751,0.71541244,0.0,1069.4664304392793,-0.01525184630716516
118,66619.76,0,1053.1550928115469,0,0.7421549,0.7293589,0.0,1069.4664304392793,-0.01525184630716516
119,66188.32,0,1053.1550928115469,2,0.7358025,0.8106222,0.0,1069.4664304392793,-0.01525184630716516
120,66205.06,2,1053.1609657441838,0,0.72055244,0.7506268,5.576512592586624e-06,1069.4664304392793,-0.015246354846685599
121,66112.82,0,1052.6343852613118,2,0.71024215,0.7985332,-0.0004999999999999449,1069.4664304392793,-0.01573873166926224
122,65979.29,2,1047.858121074158,0,0.7224073,0.7305105,-0.004537438880992117,1069.4664304392793,-0.020204757017240695
123,65632.92,0,1047.3341920136209,2,0.7164659,0.81402314,-0.0004999999999999449,1069.4664304392793,-0.020694654638732053
124,65836.69,2,1053.3105733890966,2,0.7192861,0.8204516,0.00570627925742162,1069.4664304392793,-0.015106464859814952
125,66040.66,2,1059.8371395835447,0,0.70056266,0.7574776,0.006196241032166316,1069.4664304392793,-0.009003827125063998
126,66020.76,0,1059.307221013753,0,0.69381124,0.74401903,-0.000500000000000056,1069.4664304392793,-0.009499325211501482
127,66098.0,0,1059.307221013753,2,0.6824043,0.80071926,0.0,1069.4664304392793,-0.009499325211501482
128,66020.79,2,1056.3040215779804,2,0.672679,0.8206169,-0.00283505991104116,1069.4664304392793,-0.012307453966453618
129,66407.28,2,1068.6713665097716,0,0.6461695,0.7401217,0.011708130120830162,1069.4664304392793,-0.0007434211181188135
130,66431.55,0,1068.1370308265166,0,0.6533438,0.7242362,-0.000500000000000056,1069.4664304392793,-0.0012430494075598556
131,66178.85,0,1068.1370308265166,0,0.6469669,0.70220643,0.0,1069.4664304392793,-0.0012430494075598556
132,66053.2,0,1068.1370308265166,2,0.64457345,0.79649204,0.0,1069.4664304392793,-0.0012430494075598556
133,66240.0,2,1073.6413747834654,2,0.6425689,0.7864258,0.005153218920506353,1073.6413747834654,0.0
134,66285.01,2,1075.1004508184594,0,0.6328612,0.67055833,0.001358997584540944,1075.1004508184594,0.0
135,66341.9,0,1074.5629005930502,0,0.6197077,0.6552147,-0.0004999999999999449,1075.1004508184594,-0.000499999999999951
136,66382.0,0,1074.5629005930502,2,0.6156411,0.76258457,0.0,1075.1004508184594,-0.000499999999999951
137,66561.48,2,1079.8334019189201,2,0.6092592,0.74381846,0.004904786237232894,1079.8334019189201,0.0
138,66409.33,2,1074.8967132484772,0,0.61991006,0.61172396,-0.004571713249164278,1079.8334019189201,-0.0045717132491643045
139,66311.32,0,1074.359264891853,0,0.64215636,0.6006341,-0.000500000000000056,1079.8334019189201,-0.0050694273925397625
140,66221.38,0,1074.359264891853,2,0.66383666,0.7490939,0.0,1079.8334019189201,-0.0050694273925397625
141,66319.47,2,1077.0032695942273,2,0.68461,0.74943775,0.0024610060980303494,1079.8334019189201,-0.0026208971862359026
142,66455.09,2,1081.4081052608078,2,0.7126652,0.76535505,0.004089899994677015,1081.4081052608078,0.0
143,66835.1,2,1093.7757326037295,0,0.7104643,0.67495507,0.011436595752108758,1093.7757326037295,0.0
144,66742.1,0,1093.2288447374276,2,0.7151572,0.79452455,-0.0004999999999999449,1093.7757326037295,-0.0004999999999999944
145,67014.91,2,1101.614962106604,2,0.7096184,0.79238504,0.007670962406037374,1101.614962106604,0.0
146,66926.95,2,1098.7231264817588,0,0.70716536,0.7179121,-0.002625087461879838,1101.614962106604,-0.0026250874618798307
147,66846.21,0,1098.173764918518,2,0.69848096,0.7846942,-0.0004999999999999449,1101.614962106604,-0.003123774918148852
148,66908.03,2,1099.6548651654766,2,0.6948352,0.77553636,0.00134869389004999,1101.614962106604,-0.0017792940442449472
149,66916.52,2,1099.9339368943934,2,0.6906862,0.7641437,0.0002537811978622351,1101.614962106604,-0.001525964397756606
150,66906.0,2,1099.588093894305,0,0.68911326,0.69663334,-0.00031442161068762076,1101.614962106604,-0.001839906212260404
151,66685.53,0,1099.0382998473578,2,0.69087577,0.7869193,-0.000500000000000056,1101.614962106604,-0.002338986259154341
152,66755.88,2,1100.8064854745298,0,0.70901155,0.7126549,0.0016088480514442338,1101.614962106604,-0.0007339012811955184
153,66377.03,0,1100.2560822317926,2,0.71952146,0.78900844,-0.000500000000000056,1101.614962106604,-0.0012335343305549297
154,66487.93,2,1103.3806407598029,2,0.72203255,0.7839325,0.0028398466306791548,1103.3806407598029,0.0
155,66569.22,2,1106.0786887299344,2,0.729536,0.7943944,0.0024452558532055413,1106.0786887299344,0.0
156,66818.0,2,1114.3458805697137,2,0.73082644,0.7964694,0.00747432522117597,1114.3458805697137,0.0
157,66912.0,2,1117.4812187352845,0,0.72980803,0.7461272,0.0028136130982669982,1117.4812187352845,0.0
158,66735.14,0,1116.922478125917,2,0.7135421,0.79827195,-0.0004999999999999449,1117.4812187352845,-0.0004999999999999019
159,66771.94,2,1117.5952181946338,2,0.69839615,0.79763156,0.0006023158114301097,1117.5952181946338,0.0
160,66738.5,2,1116.4758143223955,0,0.68482167,0.74651974,-0.0010016183444723215,1117.5952181946338,-0.0010016183444723362
161,66671.0,0,1115.9175764152344,2,0.6707504,0.78023916,-0.0004999999999999449,1117.5952181946338,-0.001501117535300038
162,66724.0,2,1117.1329241541296,2,0.67050564,0.7635167,0.0010891017083889398,1117.5952181946338,-0.00041365069658321055
163,66634.01,2,1114.1195918645594,2,0.6608617,0.74197406,-0.0026973802529827173,1117.5952181946338,-0.0031099151763452917
164,66502.79,2,1109.7315992210288,2,0.6672279,0.74706584,-0.00393852928857219,1117.5952181946338,-0.007036195972910462
165,66816.28,2,1120.1940101676917,2,0.6622181,0.7363325,0.009427875131254204,1120.1940101676917,0.0
166,66849.88,2,1121.3206373532112,0,0.6636402,0.6917387,0.00100574291175759,1121.3206373532112,0.0
167,66580.36,0,1120.7599770345346,2,0.6499801,0.7488489,-0.0004999999999999449,1121.3206373532112,-0.0004999999999999793
168,66589.64,2,1120.5118648757673,2,0.6329056,0.751672,-0.00022137849660175402,1121.3206373532112,-0.000721267807353412
169,66523.0,2,1118.2691463184867,2,0.628979,0.7551341,-0.002001512547597395,1121.3206373532112,-0.0027213367283841785
170,66499.35,2,1117.4740208638193,2,0.6326801,0.7482781,-0.000711032274551382,1121.3206373532112,-0.003430434044691711
171,66385.84,2,1113.659112113335,2,0.6524218,0.73547137,-0.003413867955100569,1121.3206373532112,-0.006832590950935033
172,66427.26,2,1115.0487988424247,2,0.6458418,0.70976114,0.0012478564705968864,1121.3206373532112,-0.005593260573167206
173,66348.62,2,1112.408694838708,2,0.65896195,0.7151763,-0.0023677026570114723,1121.3206373532112,-0.007947720052258281
174,66614.05,2,1121.3091554623368,2,0.6777145,0.72199047,0.008001070708027136,1121.3206373532112,-1.0239614336800999e-05
175,66710.12,2,1124.543433233025,0,0.7235811,0.6854943,0.0028843764941477446,1124.543433233025,0.0
176,65860.31,0,1123.9811615164085,2,0.74106205,0.8045467,-0.000500000000000056,1124.543433233025,-0.0005000000000000587
177,66010.93,2,1128.557603947166,2,0.7649214,0.82387424,0.0040716362404003,1128.557603947166,0.0
178,66280.25,2,1137.7664768988138,2,0.7863948,0.84423727,0.008159860798810481,1137.7664768988138,0.0
179,66653.74,2,1150.5891322586515,2,0.8029638,0.86867756,0.011270023875890711,1150.5891322586515,0.0
180,67121.01,2,1166.7213338074466,2,0.802541,0.86543316,0.014020818636733434,1166.7213338074466,0.0
181,67173.8,2,1168.5565630214203,2,0.8092796,0.87900937,0.001572979905994032,1168.5565630214203,0.0
182,67616.29,2,1183.9516900968972,0,0.8056545,0.8431011,0.013174481717574071,1183.9516900968972,0.0
183,67492.46,0,1183.3597142518488,2,0.7929136,0.8829677,-0.0004999999999999449,1183.9516900968972,-0.000499999999999967
184,67305.14,2,1176.2026755915965,2,0.7506169,0.8890001,-0.006048066850726896,1183.9516900968972,-0.006545042817301521
185,67624.39,2,1187.3608933497833,2,0.69120383,0.8848505,0.009486645447881248,1187.3608933497833,0.0
186,67666.44,2,1188.8375358914861,2,0.65054506,0.8700495,0.0012436341385111405,1188.8375358914861,0.0
187,67495.46,2,1182.829611080111,2,0.5869295,0.85423946,-0.005053612987471867,1188.8375358914861,-0.0050536129874718385
188,67488.53,2,1182.5867203966548,2,0.4737267,0.84283525,-0.0002053471448304478,1188.8375358914861,-0.0052579223873041835
189,67680.45,2,1189.3126645942398,2,0.19320934,0.8225461,0.0056874849696679775,1189.3126645942398,0.0
190,67899.59,2,1197.014326664134,2,0.059028696,0.7680599,0.006475725264829091,1197.014326664134,0.0
191,67529.52,2,1183.9662628431715,2,0.013648532,0.7643179,-0.01090050764665873,1197.014326664134,-0.010900507646658692
192,67799.54,2,1193.4345537563277,2,0.0,0.748025,0.007997095196293103,1197.014326664134,-0.0029905848477039232
